site,n,n_BAD,AUROC,AUPRC
CALTECH,35,0,,
CMU,9,0,,
KKI,35,3,0.796875,0.45555555555555555
LEUVEN,60,0,,
MAXMUN,31,4,0.7546296296296297,0.6233333333333333
NYU,165,0,,
OHSU,21,0,,
OLIN,25,2,1.0,1.0
PITT,45,1,0.9318181818181819,0.25
SBL,30,0,,
SDSU,32,7,0.8657142857142857,0.7383762200532387
STANFORD,13,12,0.9166666666666666,0.9935897435897436
TRINITY,38,1,0.6351351351351351,0.06666666666666667
UCLA,62,10,0.7557692307692309,0.5154491239310973
UM,98,5,0.48709677419354835,0.06942872037318329
USM,57,0,,
YALE,34,3,0.7150537634408602,0.221256038647343
